Model,MAE,MSE,R² Score
Linear Regression,13726762.766791154,281161478028605.7,0.04790046557033967
Decision Tree,2097802.4353000005,53210326160618.05,0.8198134142714228
Random Forest,4358664.01963395,45202652343150.09,0.8469298690821354
XGBoost,1856887.9406299996,36711691788135.85,0.8756828819342984
